{
    "elapsed_time_sec": 0.33389711380004883,
    "files": {
        "/home/hmin2/Unitree_ws/Go2_Controller/Forward_Kinematics.py": {
            "functions": [],
            "lines": [
                {
                    "line": "import threading\n",
                    "lineno": 3,
                    "memory_samples": [
                        [
                            88236324,
                            10.863990783691406
                        ],
                        [
                            112559606,
                            12.451796531677246
                        ],
                        [
                            139704781,
                            13.930556297302246
                        ],
                        [
                            175383998,
                            15.411714553833008
                        ]
                    ],
                    "n_avg_mb": 1.5008745193481445,
                    "n_copy_mb_s": 0.0,
                    "n_cpu_percent_c": 0.0,
                    "n_cpu_percent_python": 0.0,
                    "n_gpu_percent": 0.0,
                    "n_growth_mb": 4.4534807205200195,
                    "n_malloc_mb": 5.954355239868164,
                    "n_mallocs": 1,
                    "n_peak_mb": 4.4534807205200195,
                    "n_python_fraction": 0.16939911456177528,
                    "n_sys_percent": 0.0,
                    "n_usage_fraction": 0.30734894298857707
                },
                {
                    "line": "import time\n",
                    "lineno": 4,
                    "memory_samples": [],
                    "n_avg_mb": 0.0,
                    "n_copy_mb_s": 0.0,
                    "n_cpu_percent_c": 0.0,
                    "n_cpu_percent_python": 0.0,
                    "n_gpu_percent": 0.0,
                    "n_growth_mb": 0.0,
                    "n_malloc_mb": 0.0,
                    "n_mallocs": 1,
                    "n_peak_mb": 0.0,
                    "n_python_fraction": 0,
                    "n_sys_percent": 0.0,
                    "n_usage_fraction": 0.0
                },
                {
                    "line": "from unitree_sdk2py.core.channel import ChannelFactoryInitialize\n",
                    "lineno": 6,
                    "memory_samples": [],
                    "n_avg_mb": 0.0,
                    "n_copy_mb_s": 29.126482185215494,
                    "n_cpu_percent_c": 0.428318553221128,
                    "n_cpu_percent_python": 5.020648509122162,
                    "n_gpu_percent": 38.372093023255815,
                    "n_growth_mb": 0.0,
                    "n_malloc_mb": 0.0,
                    "n_mallocs": 0,
                    "n_peak_mb": 0.0,
                    "n_python_fraction": 0,
                    "n_sys_percent": 0.7957408206548138,
                    "n_usage_fraction": 0.0
                }
            ],
            "percent_cpu_time": 6.244707882998105
        },
        "/home/hmin2/Unitree_ws/Go2_Controller/Inverse_Dynamic.py": {
            "functions": [],
            "lines": [
                {
                    "line": "import numpy as np\n",
                    "lineno": 1,
                    "memory_samples": [
                        [
                            11671845,
                            1.5274744033813477
                        ],
                        [
                            24254581,
                            3.1019859313964844
                        ],
                        [
                            34899455,
                            4.586134910583496
                        ],
                        [
                            47529711,
                            6.064278602600098
                        ],
                        [
                            60739239,
                            7.595279693603516
                        ]
                    ],
                    "n_avg_mb": 2.985017776489258,
                    "n_copy_mb_s": 15.306090972576271,
                    "n_cpu_percent_c": 67.95454246480752,
                    "n_cpu_percent_python": 2.0923053665010465,
                    "n_gpu_percent": 13.953488372093021,
                    "n_growth_mb": 4.442561149597168,
                    "n_malloc_mb": 7.501036643981934,
                    "n_mallocs": 2,
                    "n_peak_mb": 4.442561149597168,
                    "n_python_fraction": 0.21298773412809174,
                    "n_sys_percent": 0.0,
                    "n_usage_fraction": 0.38718477332526025
                },
                {
                    "line": "from scipy import sparse\n",
                    "lineno": 2,
                    "memory_samples": [],
                    "n_avg_mb": 0.0,
                    "n_copy_mb_s": 5.420387213970207,
                    "n_cpu_percent_c": 16.163670170925773,
                    "n_cpu_percent_python": 0.5230763416252616,
                    "n_gpu_percent": 3.4883720930232553,
                    "n_growth_mb": 0.0,
                    "n_malloc_mb": 0.0,
                    "n_mallocs": 1,
                    "n_peak_mb": 0.0,
                    "n_python_fraction": 0,
                    "n_sys_percent": 0.0,
                    "n_usage_fraction": 0.0
                }
            ],
            "percent_cpu_time": 86.7335943438596
        },
        "/home/hmin2/Unitree_ws/Go2_Controller/Inverse_Kinematics.py": {
            "functions": [],
            "lines": [
                {
                    "line": "import numpy as np\n",
                    "lineno": 2,
                    "memory_samples": [
                        [
                            71907777,
                            9.174630165100098
                        ]
                    ],
                    "n_avg_mb": 1.485107421875,
                    "n_copy_mb_s": 0.0,
                    "n_cpu_percent_c": 0.0,
                    "n_cpu_percent_python": 0.0,
                    "n_gpu_percent": 0.0,
                    "n_growth_mb": 1.485107421875,
                    "n_malloc_mb": 1.485107421875,
                    "n_mallocs": 1,
                    "n_peak_mb": 1.485107421875,
                    "n_python_fraction": 0.038638310722420355,
                    "n_sys_percent": 0.0,
                    "n_usage_fraction": 0.0766575351906411
                }
            ],
            "percent_cpu_time": 0.0
        },
        "/home/hmin2/Unitree_ws/Go2_Controller/Send_motor_cmd.py": {
            "functions": [],
            "lines": [
                {
                    "line": "from unitree_sdk2py.utils.crc import CRC\n",
                    "lineno": 4,
                    "memory_samples": [
                        [
                            202352638,
                            16.88931369781494
                        ],
                        [
                            202357698,
                            18.366904258728027
                        ],
                        [
                            205488379,
                            20.03297519683838
                        ]
                    ],
                    "n_avg_mb": 1.4775991439819336,
                    "n_copy_mb_s": 0.0,
                    "n_cpu_percent_c": 0.0,
                    "n_cpu_percent_python": 0.0,
                    "n_gpu_percent": 0.0,
                    "n_growth_mb": 2.9551753997802734,
                    "n_malloc_mb": 4.432774543762207,
                    "n_mallocs": 1,
                    "n_peak_mb": 2.9551753997802734,
                    "n_python_fraction": 0.09273189753819344,
                    "n_sys_percent": 0.0,
                    "n_usage_fraction": 0.22880874849552163
                },
                {
                    "line": "import mujoco\n",
                    "lineno": 8,